"text","label"
"The dosa was crispy and delicious!","positive"
"Loved the masala chai today.","positive"
"Great biryani, generous portion and tasty.","positive"
"The samosas were hot and fresh!","positive"
"Fast service and friendly staff.","positive"
"Best filter coffee on campus.","positive"
"The thali was filling and good value.","positive"
"Tasty paneer roll, will order again!","positive"
"Fresh idli and the sambar was amazing.","positive"
"Cold coffee was perfect on a hot day.","positive"
"Clean tables and quick service today.","positive"
"Good food at a cheap price.","positive"
"The poha was light and tasty.","positive"
"Really enjoyed the chole bhature!","positive"
"Delicious vada pav, great snack.","positive"
"Nice and hot maggi, just what I needed.","positive"
"The lassi was thick and sweet, loved it.","positive"
"Friendly staff and the food was great.","positive"
"Amazing rajma chawal, tastes like home.","positive"
"Good portion size and fresh food.","positive"
"The sandwich was fresh and crunchy.","positive"
"Excellent chicken biryani today!","positive"
"Quick service, tasty food, happy!","positive"
"The lime soda was refreshing.","positive"
"Great value, delicious and filling.","positive"
"Loved the crispy samosa and chai combo.","positive"
"Fresh and tasty dosa, great breakfast.","positive"
"The food was hot and delicious.","positive"
"Perfect coffee and friendly service.","positive"
"Really good thali, great taste.","positive"
"The dosa was cold and soggy.","negative"
"Chai was too sweet and lukewarm.","negative"
"Biryani was dry and bland.","negative"
"The samosas were stale and oily.","negative"
"Slow service, waited 30 minutes.","negative"
"Coffee tasted burnt today.","negative"
"Thali was cold and the rice was hard.","negative"
"The paneer roll was soggy and bland.","negative"
"Idli was hard and the sambar was cold.","negative"
"Cold coffee was watery and bad.","negative"
"Dirty tables and slow service.","negative"
"Too expensive for such a small portion.","negative"
"The poha was dry and stale.","negative"
"Chole bhature was too oily, felt sick.","negative"
"Vada pav was cold and stale.","negative"
"Maggi was overcooked and soggy.","negative"
"The lassi was sour and warm.","negative"
"Rude staff and terrible food.","negative"
"Rajma was undercooked and bland.","negative"
"Tiny portion and the food was cold.","negative"
"The sandwich bread was stale.","negative"
"Chicken biryani was dry, very bad.","negative"
"Waited forever, the food was cold.","negative"
"The lime soda was flat and warm.","negative"
"Overpriced and bland, not worth it.","negative"
"Samosa was burnt and chai was cold.","negative"
"Soggy dosa and bland chutney, bad breakfast.","negative"
"The food was stale and oily.","negative"
"Terrible coffee and slow service.","negative"
"Bad thali, cold and tasteless.","negative"
"Not bad at all, the pasta was actually nice.","positive"
"The chai was not fresh today.","negative"
"Never had such a good biryani in a canteen.","positive"
"Not tasty, and the portion was tiny.","negative"
"The staff were not rude for once, service was quick.","positive"
"No flavour in the dal at all.","negative"
"Honestly the best vada pav near college.","positive"
"The sandwich was not worth sixty rupees.","negative"
"Crispy dosa, spicy chutney, very happy.","positive"
"Not clean, flies on the counter again.","negative"
"Paneer was soft and the gravy was rich.","positive"
"Rice was undercooked and the curry was cold.","negative"
"Quick service even during the lunch rush.","positive"
"Never ordering the noodles again, far too oily.","negative"
"Great place to sit with friends after class.","positive"
"The coffee was not hot, just lukewarm.","negative"
"Good momos and the chutney was amazing.","positive"
"The thali had no salt and the roti was hard.","negative"
"Loved the new menu, lots of healthy options.","positive"
"Long queue and they ran out of food.","negative"
"Fresh juice with no added sugar, perfect.","positive"
"Stale bread in the sandwich, not happy.","negative"
"Tasty pav bhaji with lots of butter.","positive"
"Overpriced snacks and small portions.","negative"
"Friendly staff, they remembered my order.","positive"
"The samosa was not fresh and very oily.","negative"
"Warm gulab jamun, a great end to lunch.","positive"
"Cold food and a long wait, terrible.","negative"
"The biryani was not spicy enough but still tasty.","positive"
"Dirty plates and the water was warm.","negative"
"Perfect cold coffee after a long lab session.","positive"
"The paratha was burnt and chewy.","negative"
"Nice and clean, the food was fresh.","positive"
"Never enough seats and the food was bland.","negative"
"Soft idli and hot sambar, great breakfast.","positive"
"The juice was watery and warm.","negative"
"Delicious rolls and quick service.","positive"
"Not good, the maggi was soggy again.","negative"
"Cheap, filling and tasty.","positive"
"Bland food and rude staff.","negative"
"The lassi was thick and cold, loved it.","positive"
"The fries were not crispy, very soggy.","negative"
"Great chai, better than the one near the gate.","positive"
"Really enjoyed the crispy cheese sandwich after class.","positive"
"The spicy noodles had great flavour and a generous portion.","positive"
"The aloo paratha was warm, filling and well seasoned.","positive"
"Fresh fruit salad made for a healthy and refreshing snack.","positive"
"The pasta was creamy, tasty and surprisingly filling.","positive"
"The noodles were greasy and completely lacked flavour.","negative"
"The sandwich was cold and the filling tasted dry.","negative"
"The aloo paratha was burnt and far too salty.","negative"
"The fruit salad looked old and tasted sour.","negative"
"The pasta was watery and the portion was disappointing.","negative"
